{
  "2025-04": {
    "web": {
      "orders": 935,
      "gross_rev": 564148.0,
      "gross_gp": 148998.17287369052,
      "gp_pct": 0.2641118516305837,
      "ref_orders": 73,
      "ref_rev": 40221.0,
      "ref_gp": 10622.842784433707,
      "net_rev": 523927.0,
      "net_gp": 138375.3300892568
    },
    "sto": {
      "orders": 303,
      "gross_rev": 205081.0,
      "gross_gp": 42978.30000000001,
      "gp_pct": 0.20956743920694754,
      "ref_orders": 14,
      "ref_rev": 64397.0,
      "ref_gp": 13495.514382609801,
      "net_rev": 140684.0,
      "net_gp": 29482.78561739021,
      "imputed_orders": 48,
      "imputed_rev": 1823.0,
      "imputed_cost": 852.7000000000002
    },
    "spend": 47687.31999999999,
    "net_rev": 664611.0,
    "net_gp": 167858.11570664702,
    "roas": 13.936849460191937,
    "gp_per_spend": 3.5199737730417024,
    "spend_pct_rev": 7.175222799502263,
    "spend_pct_gp": 28.409302582271046,
    "profit_after_spend": 120170.79570664703
  },
  "2026-03": {
    "web": {
      "orders": 943,
      "gross_rev": 505922.0,
      "gross_gp": 134519.0,
      "gp_pct": 0.26588881290001226,
      "ref_orders": 36,
      "ref_rev": 23959.0,
      "ref_gp": 6370.430068271394,
      "net_rev": 481963.0,
      "net_gp": 128148.5699317286
    },
    "sto": {
      "orders": 313,
      "gross_rev": 174755.0,
      "gross_gp": 48884.90000000001,
      "gp_pct": 0.27973391319275565,
      "ref_orders": 8,
      "ref_rev": 4217.0,
      "ref_gp": 1179.6379119338505,
      "net_rev": 170538.0,
      "net_gp": 47705.262088066156,
      "imputed_orders": 67,
      "imputed_rev": 2686.0,
      "imputed_cost": 1227.1000000000001
    },
    "spend": 40974.83,
    "net_rev": 652501.0,
    "net_gp": 175853.83201979476,
    "roas": 15.924434585817682,
    "gp_per_spend": 4.291752571512676,
    "spend_pct_rev": 6.27965780895355,
    "spend_pct_gp": 23.300504475437148,
    "profit_after_spend": 134879.00201979477
  },
  "2026-04": {
    "web": {
      "orders": 714,
      "gross_rev": 384202.0,
      "gross_gp": 106889.6,
      "gp_pct": 0.2782,
      "ref_orders": 17,
      "ref_rev": 13910.0,
      "ref_gp": 3869.93,
      "net_rev": 370292.0,
      "net_gp": 103019.67
    },
    "sto": {
      "orders": 310,
      "gross_rev": 172016.0,
      "gross_gp": 51926.5,
      "gp_pct": 0.3019,
      "ref_orders": 6,
      "ref_rev": 2005.0,
      "ref_gp": 605.25,
      "net_rev": 170011.0,
      "net_gp": 51321.25,
      "imputed_orders": 77,
      "imputed_rev": 4730,
      "imputed_cost": 2222
    },
    "spend": 26453.620000000003,
    "net_rev": 540303.0,
    "net_gp": 154340.91999999998,
    "roas": 20.424539250204695,
    "gp_per_spend": 5.834396955879761,
    "spend_pct_rev": 4.896071278523348,
    "spend_pct_gp": 17.13973196479586,
    "profit_after_spend": 127887.29999999999
  }
}